"Category","Subfolder","File","SizeKB","Modified"
"C:","C:\Users\werdn\Documents\Investing\Single Stock Investments\8697.T\01_Official\Annual_Securities_Reports\English","Annual_Securities_Report_fy2021.pdf","2679","2026-05-21"
"C:","C:\Users\werdn\Documents\Investing\Single Stock Investments\8697.T\01_Official\Annual_Securities_Reports\English","Annual_Securities_Report_fy2022.pdf","2606.9","2026-05-21"
"C:","C:\Users\werdn\Documents\Investing\Single Stock Investments\8697.T\01_Official\Annual_Securities_Reports\English","Annual_Securities_Report_fy2023.pdf","2865.6","2026-05-21"
"C:","C:\Users\werdn\Documents\Investing\Single Stock Investments\8697.T\01_Official\Annual_Securities_Reports\English","Annual_Securities_Report_fy2024.pdf","3758.2","2026-05-21"
"C:","C:\Users\werdn\Documents\Investing\Single Stock Investments\8697.T\01_Official\Annual_Securities_Reports\English","JPX_ConsolidatedFinancialStatements_IFRS_en_2015.3.pdf","2778.1","2026-05-21"
"C:","C:\Users\werdn\Documents\Investing\Single Stock Investments\8697.T\01_Official\Annual_Securities_Reports\English","JPX_ConsolidatedFinancialStatements_IFRS_en_2016.3.pdf","1726.2","2026-05-21"
"C:","C:\Users\werdn\Documents\Investing\Single Stock Investments\8697.T\01_Official\Annual_Securities_Reports\English","JPX_ConsolidatedFinancialStatements_IFRS_en_2017.3.pdf","1699","2026-05-21"
"C:","C:\Users\werdn\Documents\Investing\Single Stock Investments\8697.T\01_Official\Annual_Securities_Reports\English","JPX_ConsolidatedFinancialStatements_IFRS_en_2018.3.pdf","1804.8","2026-05-21"
"C:","C:\Users\werdn\Documents\Investing\Single Stock Investments\8697.T\01_Official\Annual_Securities_Reports\English","JPX_ConsolidatedFinancialStatements_IFRS_en_2019.3.pdf","1462.2","2026-05-21"
"C:","C:\Users\werdn\Documents\Investing\Single Stock Investments\8697.T\01_Official\Annual_Securities_Reports\English","JPX_ConsolidatedFinancialStatements_IFRS_en_2020.3.pdf","4226.2","2026-05-21"
"C:","C:\Users\werdn\Documents\Investing\Single Stock Investments\8697.T\01_Official\Annual_Securities_Reports\English","JPX_ConsolidatedFinancialStatements_IFRS_en_2021.3.pdf","4248","2026-05-21"
"C:","C:\Users\werdn\Documents\Investing\Single Stock Investments\8697.T\01_Official\Annual_Securities_Reports\English","JPX_ConsolidatedFinancialStatements_IFRS_en_2022.3.pdf","3806.2","2026-05-21"
"C:","C:\Users\werdn\Documents\Investing\Single Stock Investments\8697.T\01_Official\Annual_Securities_Reports\Japanese","20150212.pdf","693.9","2026-05-21"
"C:","C:\Users\werdn\Documents\Investing\Single Stock Investments\8697.T\01_Official\Annual_Securities_Reports\Japanese","20251113_j.pdf","135.1","2026-05-21"
"C:","C:\Users\werdn\Documents\Investing\Single Stock Investments\8697.T\01_Official\Annual_Securities_Reports\Japanese","h21_1q_securities_report_ose.pdf","105.6","2026-05-21"
"C:","C:\Users\werdn\Documents\Investing\Single Stock Investments\8697.T\01_Official\Annual_Securities_Reports\Japanese","h21_2q_securities_report_ose.pdf","114.8","2026-05-21"
"C:","C:\Users\werdn\Documents\Investing\Single Stock Investments\8697.T\01_Official\Annual_Securities_Reports\Japanese","h21_3q_securities_report_ose.pdf","189.2","2026-05-21"
"C:","C:\Users\werdn\Documents\Investing\Single Stock Investments\8697.T\01_Official\Annual_Securities_Reports\Japanese","h21_fy_securities_report_ose.pdf","486.3","2026-05-21"
"C:","C:\Users\werdn\Documents\Investing\Single Stock Investments\8697.T\01_Official\Annual_Securities_Reports\Japanese","h22_1q_securities_report_ose.pdf","124.6","2026-05-21"
"C:","C:\Users\werdn\Documents\Investing\Single Stock Investments\8697.T\01_Official\Annual_Securities_Reports\Japanese","h22_2q_securities_report_ose.pdf","161.7","2026-05-21"
"C:","C:\Users\werdn\Documents\Investing\Single Stock Investments\8697.T\01_Official\Annual_Securities_Reports\Japanese","h22_3q_securities_report_ose.pdf","150.2","2026-05-21"
"C:","C:\Users\werdn\Documents\Investing\Single Stock Investments\8697.T\01_Official\Annual_Securities_Reports\Japanese","h22_3q_securities_report_ose_revice.pdf","16.7","2026-05-21"
"C:","C:\Users\werdn\Documents\Investing\Single Stock Investments\8697.T\01_Official\Annual_Securities_Reports\Japanese","h22_fy_securities_report_ose.pdf","569.1","2026-05-21"
"C:","C:\Users\werdn\Documents\Investing\Single Stock Investments\8697.T\01_Official\Annual_Securities_Reports\Japanese","h23_1q_securities_report_ose.pdf","157.6","2026-05-21"
"C:","C:\Users\werdn\Documents\Investing\Single Stock Investments\8697.T\01_Official\Annual_Securities_Reports\Japanese","h23_2q_securities_report_ose.pdf","177.1","2026-05-21"
"C:","C:\Users\werdn\Documents\Investing\Single Stock Investments\8697.T\01_Official\Annual_Securities_Reports\Japanese","h23_3q_securities_report_ose.pdf","173.8","2026-05-21"
"C:","C:\Users\werdn\Documents\Investing\Single Stock Investments\8697.T\01_Official\Annual_Securities_Reports\Japanese","h23_fy_securities_report_ose.pdf","1115.4","2026-05-21"
"C:","C:\Users\werdn\Documents\Investing\Single Stock Investments\8697.T\01_Official\Annual_Securities_Reports\Japanese","h24_1q_securities_report_ose.pdf","93.6","2026-05-21"
"C:","C:\Users\werdn\Documents\Investing\Single Stock Investments\8697.T\01_Official\Annual_Securities_Reports\Japanese","h24_2q_securities_report_ose.pdf","104.3","2026-05-21"
"C:","C:\Users\werdn\Documents\Investing\Single Stock Investments\8697.T\01_Official\Annual_Securities_Reports\Japanese","h24_3q_securities_report_ose.pdf","104.9","2026-05-21"
"C:","C:\Users\werdn\Documents\Investing\Single Stock Investments\8697.T\01_Official\Annual_Securities_Reports\Japanese","h24_fy_securities_report_ose.pdf","740.2","2026-05-21"
"C:","C:\Users\werdn\Documents\Investing\Single Stock Investments\8697.T\01_Official\Annual_Securities_Reports\Japanese","h25_1q_securities_report_ose.pdf","151.1","2026-05-21"
"C:","C:\Users\werdn\Documents\Investing\Single Stock Investments\8697.T\01_Official\Annual_Securities_Reports\Japanese","h25_2q_securities_report_ose.pdf","94.6","2026-05-21"
"C:","C:\Users\werdn\Documents\Investing\Single Stock Investments\8697.T\01_Official\Annual_Securities_Reports\Japanese","View12-3.pdf","627.5","2026-05-21"
"C:","C:\Users\werdn\Documents\Investing\Single Stock Investments\8697.T\01_Official\Annual_Securities_Reports\Japanese","View12.pdf","1954.1","2026-05-21"
"C:","C:\Users\werdn\Documents\Investing\Single Stock Investments\8697.T\01_Official\Annual_Securities_Reports\Japanese","View12_1.pdf","102.1","2026-05-21"
"C:","C:\Users\werdn\Documents\Investing\Single Stock Investments\8697.T\01_Official\Annual_Securities_Reports\Japanese","View12_2.pdf","84.6","2026-05-21"
"C:","C:\Users\werdn\Documents\Investing\Single Stock Investments\8697.T\01_Official\Annual_Securities_Reports\Japanese","View13-1.pdf","546.7","2026-05-21"
"C:","C:\Users\werdn\Documents\Investing\Single Stock Investments\8697.T\01_Official\Annual_Securities_Reports\Japanese","View13-2.pdf","588.9","2026-05-21"
"C:","C:\Users\werdn\Documents\Investing\Single Stock Investments\8697.T\01_Official\Annual_Securities_Reports\Japanese","View13-3.pdf","559.5","2026-05-21"
"C:","C:\Users\werdn\Documents\Investing\Single Stock Investments\8697.T\01_Official\Annual_Securities_Reports\Japanese","View13.pdf","1527.4","2026-05-21"
"C:","C:\Users\werdn\Documents\Investing\Single Stock Investments\8697.T\01_Official\Annual_Securities_Reports\Japanese","View13_1.pdf","156","2026-05-21"
"C:","C:\Users\werdn\Documents\Investing\Single Stock Investments\8697.T\01_Official\Annual_Securities_Reports\Japanese","View13_2.pdf","125.2","2026-05-21"
"C:","C:\Users\werdn\Documents\Investing\Single Stock Investments\8697.T\01_Official\Annual_Securities_Reports\Japanese","View14-1.pdf","507.1","2026-05-21"
"C:","C:\Users\werdn\Documents\Investing\Single Stock Investments\8697.T\01_Official\Annual_Securities_Reports\Japanese","View14-2.pdf","607.6","2026-05-21"
"C:","C:\Users\werdn\Documents\Investing\Single Stock Investments\8697.T\01_Official\Annual_Securities_Reports\Japanese","View14.pdf","1663.3","2026-05-21"
"C:","C:\Users\werdn\Documents\Investing\Single Stock Investments\8697.T\01_Official\Annual_Securities_Reports\Japanese","View14_1.pdf","102.7","2026-05-21"
"C:","C:\Users\werdn\Documents\Investing\Single Stock Investments\8697.T\01_Official\Annual_Securities_Reports\Japanese","View14_2.pdf","63.8","2026-05-21"
"C:","C:\Users\werdn\Documents\Investing\Single Stock Investments\8697.T\01_Official\Annual_Securities_Reports\Japanese","View15-1.pdf","713.9","2026-05-21"
"C:","C:\Users\werdn\Documents\Investing\Single Stock Investments\8697.T\01_Official\Annual_Securities_Reports\Japanese","View15-2.pdf","754.1","2026-05-21"
"C:","C:\Users\werdn\Documents\Investing\Single Stock Investments\8697.T\01_Official\Annual_Securities_Reports\Japanese","View15-3.pdf","752.9","2026-05-21"
"C:","C:\Users\werdn\Documents\Investing\Single Stock Investments\8697.T\01_Official\Annual_Securities_Reports\Japanese","View15.pdf","1750.7","2026-05-21"
"C:","C:\Users\werdn\Documents\Investing\Single Stock Investments\8697.T\01_Official\Annual_Securities_Reports\Japanese","View15_1.pdf","102.2","2026-05-21"
"C:","C:\Users\werdn\Documents\Investing\Single Stock Investments\8697.T\01_Official\Annual_Securities_Reports\Japanese","View15_2.pdf","63.4","2026-05-21"
"C:","C:\Users\werdn\Documents\Investing\Single Stock Investments\8697.T\01_Official\Annual_Securities_Reports\Japanese","view16-1.pdf","712.5","2026-05-21"
"C:","C:\Users\werdn\Documents\Investing\Single Stock Investments\8697.T\01_Official\Annual_Securities_Reports\Japanese","view16-2.pdf","733.1","2026-05-21"
"C:","C:\Users\werdn\Documents\Investing\Single Stock Investments\8697.T\01_Official\Annual_Securities_Reports\Japanese","view16-3.pdf","732.2","2026-05-21"
"C:","C:\Users\werdn\Documents\Investing\Single Stock Investments\8697.T\01_Official\Annual_Securities_Reports\Japanese","view16.pdf","1702.9","2026-05-21"
"C:","C:\Users\werdn\Documents\Investing\Single Stock Investments\8697.T\01_Official\Annual_Securities_Reports\Japanese","view16_1.pdf","101.2","2026-05-21"
"C:","C:\Users\werdn\Documents\Investing\Single Stock Investments\8697.T\01_Official\Annual_Securities_Reports\Japanese","view16_2.pdf","62","2026-05-21"
"C:","C:\Users\werdn\Documents\Investing\Single Stock Investments\8697.T\01_Official\Annual_Securities_Reports\Japanese","view17-0.pdf","603.8","2026-05-21"
"C:","C:\Users\werdn\Documents\Investing\Single Stock Investments\8697.T\01_Official\Annual_Securities_Reports\Japanese","view17-0_1.pdf","15.4","2026-05-21"
"C:","C:\Users\werdn\Documents\Investing\Single Stock Investments\8697.T\01_Official\Annual_Securities_Reports\Japanese","view17-0_2.pdf","12.1","2026-05-21"
"C:","C:\Users\werdn\Documents\Investing\Single Stock Investments\8697.T\01_Official\Annual_Securities_Reports\Japanese","view17-1.pdf","126.7","2026-05-21"
"C:","C:\Users\werdn\Documents\Investing\Single Stock Investments\8697.T\01_Official\Annual_Securities_Reports\Japanese","view17-2.pdf","136.6","2026-05-21"
"C:","C:\Users\werdn\Documents\Investing\Single Stock Investments\8697.T\01_Official\Annual_Securities_Reports\Japanese","view17-3.pdf","133","2026-05-21"
"C:","C:\Users\werdn\Documents\Investing\Single Stock Investments\8697.T\01_Official\Annual_Securities_Reports\Japanese","view18-0.pdf","909.4","2026-05-21"
"C:","C:\Users\werdn\Documents\Investing\Single Stock Investments\8697.T\01_Official\Annual_Securities_Reports\Japanese","view18-0_1.pdf","15.4","2026-05-21"
"C:","C:\Users\werdn\Documents\Investing\Single Stock Investments\8697.T\01_Official\Annual_Securities_Reports\Japanese","view18-0_2.pdf","12.1","2026-05-21"
"C:","C:\Users\werdn\Documents\Investing\Single Stock Investments\8697.T\01_Official\Annual_Securities_Reports\Japanese","view18-1.pdf","119.2","2026-05-21"
"C:","C:\Users\werdn\Documents\Investing\Single Stock Investments\8697.T\01_Official\Annual_Securities_Reports\Japanese","view18-2.pdf","129.3","2026-05-21"
"C:","C:\Users\werdn\Documents\Investing\Single Stock Investments\8697.T\01_Official\Annual_Securities_Reports\Japanese","view18-3.pdf","125.3","2026-05-21"
"C:","C:\Users\werdn\Documents\Investing\Single Stock Investments\8697.T\01_Official\Annual_Securities_Reports\Japanese","view19-0.pdf","1014.1","2026-05-21"
"C:","C:\Users\werdn\Documents\Investing\Single Stock Investments\8697.T\01_Official\Annual_Securities_Reports\Japanese","view19-0_1.pdf","15.4","2026-05-21"
"C:","C:\Users\werdn\Documents\Investing\Single Stock Investments\8697.T\01_Official\Annual_Securities_Reports\Japanese","view19-0_2.pdf","12.1","2026-05-21"
"C:","C:\Users\werdn\Documents\Investing\Single Stock Investments\8697.T\01_Official\Annual_Securities_Reports\Japanese","view19-1.pdf","125.5","2026-05-21"
"C:","C:\Users\werdn\Documents\Investing\Single Stock Investments\8697.T\01_Official\Annual_Securities_Reports\Japanese","view19-2.pdf","139.1","2026-05-21"
"C:","C:\Users\werdn\Documents\Investing\Single Stock Investments\8697.T\01_Official\Annual_Securities_Reports\Japanese","view19-3.pdf","150.5","2026-05-21"
"C:","C:\Users\werdn\Documents\Investing\Single Stock Investments\8697.T\01_Official\Annual_Securities_Reports\Japanese","view20-0.pdf","1018.3","2026-05-21"
"C:","C:\Users\werdn\Documents\Investing\Single Stock Investments\8697.T\01_Official\Annual_Securities_Reports\Japanese","view20-0_1.pdf","15.4","2026-05-21"
"C:","C:\Users\werdn\Documents\Investing\Single Stock Investments\8697.T\01_Official\Annual_Securities_Reports\Japanese","view20-0_2.pdf","12.1","2026-05-21"
"C:","C:\Users\werdn\Documents\Investing\Single Stock Investments\8697.T\01_Official\Annual_Securities_Reports\Japanese","view20-1.pdf","122.6","2026-05-21"
"C:","C:\Users\werdn\Documents\Investing\Single Stock Investments\8697.T\01_Official\Annual_Securities_Reports\Japanese","view20-2.pdf","152","2026-05-21"
"C:","C:\Users\werdn\Documents\Investing\Single Stock Investments\8697.T\01_Official\Annual_Securities_Reports\Japanese","view20-3.pdf","149.3","2026-05-21"
"C:","C:\Users\werdn\Documents\Investing\Single Stock Investments\8697.T\01_Official\Annual_Securities_Reports\Japanese","view21-0.pdf","1026","2026-05-21"
"C:","C:\Users\werdn\Documents\Investing\Single Stock Investments\8697.T\01_Official\Annual_Securities_Reports\Japanese","view21-0_1.pdf","15.5","2026-05-21"
"C:","C:\Users\werdn\Documents\Investing\Single Stock Investments\8697.T\01_Official\Annual_Securities_Reports\Japanese","view21-0_2.pdf","12.1","2026-05-21"
"C:","C:\Users\werdn\Documents\Investing\Single Stock Investments\8697.T\01_Official\Annual_Securities_Reports\Japanese","view21-1.pdf","126.4","2026-05-21"
"C:","C:\Users\werdn\Documents\Investing\Single Stock Investments\8697.T\01_Official\Annual_Securities_Reports\Japanese","view21-2.pdf","135.9","2026-05-21"
"C:","C:\Users\werdn\Documents\Investing\Single Stock Investments\8697.T\01_Official\Annual_Securities_Reports\Japanese","view21-3.pdf","134.7","2026-05-21"
"C:","C:\Users\werdn\Documents\Investing\Single Stock Investments\8697.T\01_Official\Annual_Securities_Reports\Japanese","view22-0.pdf","1304.6","2026-05-21"
"C:","C:\Users\werdn\Documents\Investing\Single Stock Investments\8697.T\01_Official\Annual_Securities_Reports\Japanese","view22-0_1.pdf","14.7","2026-05-21"
"C:","C:\Users\werdn\Documents\Investing\Single Stock Investments\8697.T\01_Official\Annual_Securities_Reports\Japanese","view22-0_2.pdf","11.4","2026-05-21"
"C:","C:\Users\werdn\Documents\Investing\Single Stock Investments\8697.T\01_Official\Annual_Securities_Reports\Japanese","view22-1.pdf","256.6","2026-05-21"
"C:","C:\Users\werdn\Documents\Investing\Single Stock Investments\8697.T\01_Official\Annual_Securities_Reports\Japanese","view22-2.pdf","266","2026-05-21"
"C:","C:\Users\werdn\Documents\Investing\Single Stock Investments\8697.T\01_Official\Annual_Securities_Reports\Japanese","view22-3.pdf","254.6","2026-05-21"
"C:","C:\Users\werdn\Documents\Investing\Single Stock Investments\8697.T\01_Official\Annual_Securities_Reports\Japanese","view23-1.pdf","120.2","2026-05-21"
"C:","C:\Users\werdn\Documents\Investing\Single Stock Investments\8697.T\01_Official\Annual_Securities_Reports\Japanese","view23-2.pdf","129.9","2026-05-21"
"C:","C:\Users\werdn\Documents\Investing\Single Stock Investments\8697.T\01_Official\Annual_Securities_Reports\Japanese","view23-3.pdf","130","2026-05-21"
"C:","C:\Users\werdn\Documents\Investing\Single Stock Investments\8697.T\01_Official\Annual_Securities_Reports\Japanese","view23.pdf","1416.3","2026-05-21"
"C:","C:\Users\werdn\Documents\Investing\Single Stock Investments\8697.T\01_Official\Annual_Securities_Reports\Japanese","view23_1.pdf","14.7","2026-05-21"
"C:","C:\Users\werdn\Documents\Investing\Single Stock Investments\8697.T\01_Official\Annual_Securities_Reports\Japanese","view23_2.pdf","11.4","2026-05-21"
"C:","C:\Users\werdn\Documents\Investing\Single Stock Investments\8697.T\01_Official\Annual_Securities_Reports\Japanese","view24-0.pdf","134.9","2026-05-21"
"C:","C:\Users\werdn\Documents\Investing\Single Stock Investments\8697.T\01_Official\Annual_Securities_Reports\Japanese","view24-1.pdf","1465.9","2026-05-21"
"C:","C:\Users\werdn\Documents\Investing\Single Stock Investments\8697.T\01_Official\Annual_Securities_Reports\Japanese","view24-2.pdf","15.4","2026-05-21"
"C:","C:\Users\werdn\Documents\Investing\Single Stock Investments\8697.T\01_Official\Annual_Securities_Reports\Japanese","view24-3.pdf","11.4","2026-05-21"
"C:","C:\Users\werdn\Documents\Investing\Single Stock Investments\8697.T\01_Official\Annual_Securities_Reports\Japanese","yuho_pdf.pdf","2256.7","2026-05-21"
"C:","C:\Users\werdn\Documents\Investing\Single Stock Investments\8697.T\01_Official\Extraordinary_Reports","20150909E-01.pdf","114.3","2026-05-21"
"C:","C:\Users\werdn\Documents\Investing\Single Stock Investments\8697.T\01_Official\Extraordinary_Reports","20160623-01e.pdf","84.7","2026-05-21"
"C:","C:\Users\werdn\Documents\Investing\Single Stock Investments\8697.T\01_Official\Extraordinary_Reports","20161101QA.pdf","100.8","2026-05-21"
"C:","C:\Users\werdn\Documents\Investing\Single Stock Investments\8697.T\01_Official\Extraordinary_Reports","20170620-01E.pdf","82","2026-05-21"
"C:","C:\Users\werdn\Documents\Investing\Single Stock Investments\8697.T\01_Official\Extraordinary_Reports","20180507_QAs_EN.pdf","91.5","2026-05-21"
"C:","C:\Users\werdn\Documents\Investing\Single Stock Investments\8697.T\01_Official\Extraordinary_Reports","20180622_ExtraordinaryReport.pdf","65.7","2026-05-21"
"C:","C:\Users\werdn\Documents\Investing\Single Stock Investments\8697.T\01_Official\Extraordinary_Reports","20190621_ExtraordinaryReport_E.pdf","67.4","2026-05-21"
"C:","C:\Users\werdn\Documents\Investing\Single Stock Investments\8697.T\01_Official\Extraordinary_Reports","20200619_ExtraordinaryReport_E.pdf","111","2026-05-21"
"C:","C:\Users\werdn\Documents\Investing\Single Stock Investments\8697.T\01_Official\Extraordinary_Reports","20210618_ExtraordinaryReport_E.pdf","104.6","2026-05-21"
"C:","C:\Users\werdn\Documents\Investing\Single Stock Investments\8697.T\01_Official\Extraordinary_Reports","20220331_E.pdf","2256.4","2026-05-21"
"C:","C:\Users\werdn\Documents\Investing\Single Stock Investments\8697.T\01_Official\Extraordinary_Reports","20220620_ExtraordinaryReport_E.pdf","58.1","2026-05-21"
"C:","C:\Users\werdn\Documents\Investing\Single Stock Investments\8697.T\01_Official\Extraordinary_Reports","20230620_ExtraordinaryReport_E.pdf","110.9","2026-05-21"
"C:","C:\Users\werdn\Documents\Investing\Single Stock Investments\8697.T\01_Official\Extraordinary_Reports","20240621_ExtraordinaryReport_E.pdf","113","2026-05-21"
"C:","C:\Users\werdn\Documents\Investing\Single Stock Investments\8697.T\01_Official\Extraordinary_Reports","20250327_e.pdf","2499.1","2026-05-21"
"C:","C:\Users\werdn\Documents\Investing\Single Stock Investments\8697.T\01_Official\Extraordinary_Reports","20250428_E.pdf","375","2026-05-21"
"C:","C:\Users\werdn\Documents\Investing\Single Stock Investments\8697.T\01_Official\Extraordinary_Reports","20250624_ExtraordinaryReport_E.pdf","116.1","2026-05-21"
"C:","C:\Users\werdn\Documents\Investing\Single Stock Investments\8697.T\01_Official\Extraordinary_Reports","20251031_E.pdf","444.5","2026-05-21"
"C:","C:\Users\werdn\Documents\Investing\Single Stock Investments\8697.T\01_Official\Extraordinary_Reports","20260420_ExtraordinaryReport_E.pdf","178.9","2026-05-21"
"C:","C:\Users\werdn\Documents\Investing\Single Stock Investments\8697.T\01_Official\Extraordinary_Reports","20260430_E.pdf","3335.7","2026-05-21"
"C:","C:\Users\werdn\Documents\Investing\Single Stock Investments\8697.T\01_Official\Extraordinary_Reports","b5b4pj000000lklm.pdf","47.9","2026-05-21"
"C:","C:\Users\werdn\Documents\Investing\Single Stock Investments\8697.T\01_Official\Integrated_Reports","2015_jpxreport_e_all.pdf","4175.6","2026-05-21"
"C:","C:\Users\werdn\Documents\Investing\Single Stock Investments\8697.T\01_Official\Integrated_Reports","Annual_Securities_Report_fy2021.pdf","2679","2026-05-21"
"C:","C:\Users\werdn\Documents\Investing\Single Stock Investments\8697.T\01_Official\Integrated_Reports","JPXreport2016e_all.pdf","3176.6","2026-05-21"
"C:","C:\Users\werdn\Documents\Investing\Single Stock Investments\8697.T\01_Official\Integrated_Reports","JPXReport2017_English.pdf","10981.8","2026-05-21"
"C:","C:\Users\werdn\Documents\Investing\Single Stock Investments\8697.T\01_Official\Integrated_Reports","JPXReport2018_English.pdf","5538.7","2026-05-21"
"C:","C:\Users\werdn\Documents\Investing\Single Stock Investments\8697.T\01_Official\Integrated_Reports","JPXReport2019.pdf","5148.1","2026-05-21"
"C:","C:\Users\werdn\Documents\Investing\Single Stock Investments\8697.T\01_Official\Integrated_Reports","JPXReport2020.pdf","6379.1","2026-05-21"
"C:","C:\Users\werdn\Documents\Investing\Single Stock Investments\8697.T\01_Official\Integrated_Reports","JPXReport2021_A4.pdf","8293.1","2026-05-21"
"C:","C:\Users\werdn\Documents\Investing\Single Stock Investments\8697.T\01_Official\Integrated_Reports","JPXReport2025_A3.pdf","11392.5","2026-05-21"
"C:","C:\Users\werdn\Documents\Investing\Single Stock Investments\8697.T\01_Official\Integrated_Reports","JPXReport2025_A4.pdf","49139.3","2026-05-21"
"C:","C:\Users\werdn\Documents\Investing\Single Stock Investments\8697.T\01_Official\Integrated_Reports","JPXReport_2022.pdf","6879","2026-05-21"
"C:","C:\Users\werdn\Documents\Investing\Single Stock Investments\8697.T\01_Official\Integrated_Reports","JPXReport_2023.pdf","31654.8","2026-05-21"
"C:","C:\Users\werdn\Documents\Investing\Single Stock Investments\8697.T\01_Official\Integrated_Reports","JPXReport_2024.pdf","27839.9","2026-05-21"
"C:","C:\Users\werdn\Documents\Investing\Single Stock Investments\8697.T\01_Official\Integrated_Reports","JPX_AR2013_E.pdf","2098.5","2026-05-21"
"C:","C:\Users\werdn\Documents\Investing\Single Stock Investments\8697.T\01_Official\Integrated_Reports","jpx_AR2014_E.pdf","6126.8","2026-05-21"
"C:","C:\Users\werdn\Documents\Investing\Single Stock Investments\8697.T\01_Official\Integrated_Reports\2025_Sections","Co-creationWithStakeholders.pdf","4032.2","2026-05-21"
"C:","C:\Users\werdn\Documents\Investing\Single Stock Investments\8697.T\01_Official\Integrated_Reports\2025_Sections","CorporateData.pdf","203.7","2026-05-21"
"C:","C:\Users\werdn\Documents\Investing\Single Stock Investments\8697.T\01_Official\Integrated_Reports\2025_Sections","CreatingValueatJPXGroup.pdf","1100.3","2026-05-21"
"C:","C:\Users\werdn\Documents\Investing\Single Stock Investments\8697.T\01_Official\Integrated_Reports\2025_Sections","FoundationsforValueCreation.pdf","749.9","2026-05-21"
"C:","C:\Users\werdn\Documents\Investing\Single Stock Investments\8697.T\01_Official\Integrated_Reports\2025_Sections","Introduction.pdf","673.8","2026-05-21"
"C:","C:\Users\werdn\Documents\Investing\Single Stock Investments\8697.T\01_Official\Integrated_Reports\2025_Sections","MessagesfromManagement.pdf","905.9","2026-05-21"
"C:","C:\Users\werdn\Documents\Investing\Single Stock Investments\8697.T\01_Official\Integrated_Reports\2025_Sections","StrategiesandInitiativesforCreatingValue.pdf","3671.2","2026-05-21"
"C:","C:\Users\werdn\Documents\Investing\Single Stock Investments\8697.T\01_Official\Integrated_Reports\TSE_Group_Historical","annual_1998.pdf","1463.6","2026-05-21"
"C:","C:\Users\werdn\Documents\Investing\Single Stock Investments\8697.T\01_Official\Integrated_Reports\TSE_Group_Historical","annual_1999.pdf","681.4","2026-05-21"
"C:","C:\Users\werdn\Documents\Investing\Single Stock Investments\8697.T\01_Official\Integrated_Reports\TSE_Group_Historical","annual_2000.pdf","1343.8","2026-05-21"
"C:","C:\Users\werdn\Documents\Investing\Single Stock Investments\8697.T\01_Official\Integrated_Reports\TSE_Group_Historical","annual_2001.pdf","983.8","2026-05-21"
"C:","C:\Users\werdn\Documents\Investing\Single Stock Investments\8697.T\01_Official\Integrated_Reports\TSE_Group_Historical","annual_2002.pdf","1155.9","2026-05-21"
"C:","C:\Users\werdn\Documents\Investing\Single Stock Investments\8697.T\01_Official\Integrated_Reports\TSE_Group_Historical","annual_2003.pdf","907.9","2026-05-21"
"C:","C:\Users\werdn\Documents\Investing\Single Stock Investments\8697.T\01_Official\Integrated_Reports\TSE_Group_Historical","annual_2004.pdf","796.5","2026-05-21"
"C:","C:\Users\werdn\Documents\Investing\Single Stock Investments\8697.T\01_Official\Integrated_Reports\TSE_Group_Historical","annual_2005.pdf","2290.4","2026-05-21"
"C:","C:\Users\werdn\Documents\Investing\Single Stock Investments\8697.T\01_Official\Integrated_Reports\TSE_Group_Historical","annual_2006.pdf","1750.6","2026-05-21"
"C:","C:\Users\werdn\Documents\Investing\Single Stock Investments\8697.T\01_Official\Integrated_Reports\TSE_Group_Historical","annual_2007.pdf","2461.8","2026-05-21"
"C:","C:\Users\werdn\Documents\Investing\Single Stock Investments\8697.T\01_Official\Integrated_Reports\TSE_Group_Historical","annual_2008.pdf","4526.3","2026-05-21"
"C:","C:\Users\werdn\Documents\Investing\Single Stock Investments\8697.T\01_Official\Integrated_Reports\TSE_Group_Historical","annual_2010.pdf","3020.1","2026-05-21"
"C:","C:\Users\werdn\Documents\Investing\Single Stock Investments\8697.T\01_Official\Integrated_Reports\TSE_Group_Historical","annual_2011.pdf","2909.8","2026-05-21"
"C:","C:\Users\werdn\Documents\Investing\Single Stock Investments\8697.T\01_Official\Integrated_Reports\TSE_Group_Historical","b7gje6000000cdqm.pdf","2771.9","2026-05-21"
"C:","C:\Users\werdn\Documents\Investing\Single Stock Investments\8697.T\02_Quarterly\Earnings_Releases","ER_JPX_1QFY13_e.pdf","934.4","2026-05-21"
"C:","C:\Users\werdn\Documents\Investing\Single Stock Investments\8697.T\02_Quarterly\Earnings_Releases","ER_JPX_1QFY14_e.pdf","813.4","2026-05-21"
"C:","C:\Users\werdn\Documents\Investing\Single Stock Investments\8697.T\02_Quarterly\Earnings_Releases","ER_JPX_1QFY15_e.pdf","588.7","2026-05-21"
"C:","C:\Users\werdn\Documents\Investing\Single Stock Investments\8697.T\02_Quarterly\Earnings_Releases","ER_JPX_1QFY16_e.pdf","701.3","2026-05-21"
"C:","C:\Users\werdn\Documents\Investing\Single Stock Investments\8697.T\02_Quarterly\Earnings_Releases","ER_JPX_1QFY17_e.pdf","266.6","2026-05-21"
"C:","C:\Users\werdn\Documents\Investing\Single Stock Investments\8697.T\02_Quarterly\Earnings_Releases","ER_JPX_1QFY18_e.pdf","175.6","2026-05-21"
"C:","C:\Users\werdn\Documents\Investing\Single Stock Investments\8697.T\02_Quarterly\Earnings_Releases","ER_JPX_2QFY13_e.pdf","911.3","2026-05-21"
"C:","C:\Users\werdn\Documents\Investing\Single Stock Investments\8697.T\02_Quarterly\Earnings_Releases","ER_JPX_2QFY14_e.pdf","723.9","2026-05-21"
"C:","C:\Users\werdn\Documents\Investing\Single Stock Investments\8697.T\02_Quarterly\Earnings_Releases","ER_JPX_2QFY15_e.pdf","713.4","2026-05-21"
"C:","C:\Users\werdn\Documents\Investing\Single Stock Investments\8697.T\02_Quarterly\Earnings_Releases","ER_JPX_2QFY16_e.pdf","250.2","2026-05-21"
"C:","C:\Users\werdn\Documents\Investing\Single Stock Investments\8697.T\02_Quarterly\Earnings_Releases","ER_JPX_2QFY17_e.pdf","237.2","2026-05-21"
"C:","C:\Users\werdn\Documents\Investing\Single Stock Investments\8697.T\02_Quarterly\Earnings_Releases","ER_JPX_2QFY18_e.pdf","181.2","2026-05-21"
"C:","C:\Users\werdn\Documents\Investing\Single Stock Investments\8697.T\02_Quarterly\Earnings_Releases","ER_JPX_3QFY12_e.pdf","1031.1","2026-05-21"
"C:","C:\Users\werdn\Documents\Investing\Single Stock Investments\8697.T\02_Quarterly\Earnings_Releases","ER_JPX_3QFY13_e.pdf","698","2026-05-21"
"C:","C:\Users\werdn\Documents\Investing\Single Stock Investments\8697.T\02_Quarterly\Earnings_Releases","ER_JPX_3QFY14_e.pdf","725.1","2026-05-21"
"C:","C:\Users\werdn\Documents\Investing\Single Stock Investments\8697.T\02_Quarterly\Earnings_Releases","ER_JPX_3QFY15_e.pdf","806.7","2026-05-21"
"C:","C:\Users\werdn\Documents\Investing\Single Stock Investments\8697.T\02_Quarterly\Earnings_Releases","ER_JPX_3QFY16_e.pdf","271.9","2026-05-21"
"C:","C:\Users\werdn\Documents\Investing\Single Stock Investments\8697.T\02_Quarterly\Earnings_Releases","ER_JPX_3QFY17_e.pdf","176.2","2026-05-21"
"C:","C:\Users\werdn\Documents\Investing\Single Stock Investments\8697.T\02_Quarterly\Earnings_Releases","ER_JPX_4QFY12_e.pdf","1079.5","2026-05-21"
"C:","C:\Users\werdn\Documents\Investing\Single Stock Investments\8697.T\02_Quarterly\Earnings_Releases","ER_JPX_4QFY13_e.pdf","1015.9","2026-05-21"
"C:","C:\Users\werdn\Documents\Investing\Single Stock Investments\8697.T\02_Quarterly\Earnings_Releases","ER_JPX_4QFY14_e.pdf","1259.6","2026-05-21"
"C:","C:\Users\werdn\Documents\Investing\Single Stock Investments\8697.T\02_Quarterly\Earnings_Releases","ER_JPX_4QFY15_e.pdf","244.4","2026-05-21"
"C:","C:\Users\werdn\Documents\Investing\Single Stock Investments\8697.T\02_Quarterly\Earnings_Releases","ER_JPX_4QFY16_e.pdf","407","2026-05-21"
"C:","C:\Users\werdn\Documents\Investing\Single Stock Investments\8697.T\02_Quarterly\Earnings_Releases","ER_JPX_4QFY17_e.pdf","232.6","2026-05-21"
"C:","C:\Users\werdn\Documents\Investing\Single Stock Investments\8697.T\02_Quarterly\Earnings_Releases","E_ER_JPX_Q1FY2019.pdf","183.9","2026-05-21"
"C:","C:\Users\werdn\Documents\Investing\Single Stock Investments\8697.T\02_Quarterly\Earnings_Releases","E_ER_JPX_Q1FY2020.pdf","200.5","2026-05-21"
"C:","C:\Users\werdn\Documents\Investing\Single Stock Investments\8697.T\02_Quarterly\Earnings_Releases","E_ER_JPX_Q1FY2021.pdf","182.3","2026-05-21"
"C:","C:\Users\werdn\Documents\Investing\Single Stock Investments\8697.T\02_Quarterly\Earnings_Releases","E_ER_JPX_Q1FY2022.pdf","198.9","2026-05-21"
"C:","C:\Users\werdn\Documents\Investing\Single Stock Investments\8697.T\02_Quarterly\Earnings_Releases","E_ER_JPX_Q1FY2023.pdf","169.8","2026-05-21"
"C:","C:\Users\werdn\Documents\Investing\Single Stock Investments\8697.T\02_Quarterly\Earnings_Releases","E_ER_JPX_Q1FY2024.pdf","170.7","2026-05-21"
"C:","C:\Users\werdn\Documents\Investing\Single Stock Investments\8697.T\02_Quarterly\Earnings_Releases","E_ER_JPX_Q1FY2025.pdf","174.5","2026-05-21"
"C:","C:\Users\werdn\Documents\Investing\Single Stock Investments\8697.T\02_Quarterly\Earnings_Releases","E_ER_JPX_Q2FY2023.pdf","169.2","2026-05-21"
"C:","C:\Users\werdn\Documents\Investing\Single Stock Investments\8697.T\02_Quarterly\Earnings_Releases","E_ER_JPX_Q2FY2024.pdf","175.1","2026-05-21"
"C:","C:\Users\werdn\Documents\Investing\Single Stock Investments\8697.T\02_Quarterly\Earnings_Releases","E_ER_JPX_Q2FY2025.pdf","178.4","2026-05-21"
"C:","C:\Users\werdn\Documents\Investing\Single Stock Investments\8697.T\02_Quarterly\Earnings_Releases","E_ER_JPX_Q3FY2023.pdf","169.5","2026-05-21"
"C:","C:\Users\werdn\Documents\Investing\Single Stock Investments\8697.T\02_Quarterly\Earnings_Releases","E_ER_JPX_Q3FY2024.pdf","172","2026-05-21"
"C:","C:\Users\werdn\Documents\Investing\Single Stock Investments\8697.T\02_Quarterly\Earnings_Releases","E_ER_JPX_Q3FY2025.pdf","176.3","2026-05-21"
"C:","C:\Users\werdn\Documents\Investing\Single Stock Investments\8697.T\02_Quarterly\Earnings_Releases","E_ER_JPX_Q4FY2018.pdf","211.5","2026-05-21"
"C:","C:\Users\werdn\Documents\Investing\Single Stock Investments\8697.T\02_Quarterly\Earnings_Releases","E_ER_JPX_Q4FY2019.pdf","252","2026-05-21"
"C:","C:\Users\werdn\Documents\Investing\Single Stock Investments\8697.T\02_Quarterly\Earnings_Releases","E_ER_JPX_Q4FY2020.pdf","232.8","2026-05-21"
"C:","C:\Users\werdn\Documents\Investing\Single Stock Investments\8697.T\02_Quarterly\Earnings_Releases","E_ER_JPX_Q4FY2023.pdf","187.4","2026-05-21"
"C:","C:\Users\werdn\Documents\Investing\Single Stock Investments\8697.T\02_Quarterly\Earnings_Releases","E_ER_JPX_Q4FY2024.pdf","217","2026-05-21"
"C:","C:\Users\werdn\Documents\Investing\Single Stock Investments\8697.T\02_Quarterly\Earnings_Releases","E_ER_JPX_Q4FY2025.pdf","216.1","2026-05-21"
"C:","C:\Users\werdn\Documents\Investing\Single Stock Investments\8697.T\02_Quarterly\Earnings_Releases","E_ER_Q2FY2019.pdf","184.3","2026-05-21"
"C:","C:\Users\werdn\Documents\Investing\Single Stock Investments\8697.T\02_Quarterly\Earnings_Releases","E_ER_Q2FY2020.pdf","202.2","2026-05-21"
"C:","C:\Users\werdn\Documents\Investing\Single Stock Investments\8697.T\02_Quarterly\Earnings_Releases","E_ER_Q2FY2021.pdf","172.3","2026-05-21"
"C:","C:\Users\werdn\Documents\Investing\Single Stock Investments\8697.T\02_Quarterly\Earnings_Releases","E_ER_Q2FY2022.pdf","203.3","2026-05-21"
"C:","C:\Users\werdn\Documents\Investing\Single Stock Investments\8697.T\02_Quarterly\Earnings_Releases","E_ER_Q3FY2019.pdf","188.6","2026-05-21"
"C:","C:\Users\werdn\Documents\Investing\Single Stock Investments\8697.T\02_Quarterly\Earnings_Releases","E_ER_Q3FY2020.pdf","199.5","2026-05-21"
"C:","C:\Users\werdn\Documents\Investing\Single Stock Investments\8697.T\02_Quarterly\Earnings_Releases","E_ER_Q3FY2021.pdf","171.3","2026-05-21"
"C:","C:\Users\werdn\Documents\Investing\Single Stock Investments\8697.T\02_Quarterly\Earnings_Releases","E_ER_Q3FY2022.pdf","204.2","2026-05-21"
"C:","C:\Users\werdn\Documents\Investing\Single Stock Investments\8697.T\02_Quarterly\Earnings_Releases","E_ER_Q4FY2021.pdf","233.1","2026-05-21"
"C:","C:\Users\werdn\Documents\Investing\Single Stock Investments\8697.T\02_Quarterly\Earnings_Releases","E_ER_Q4FY2022.pdf","238.6","2026-05-21"
"C:","C:\Users\werdn\Documents\Investing\Single Stock Investments\8697.T\02_Quarterly\Earnings_Releases","h21_1q_financial_results_tse.pdf","72.6","2026-05-21"
"C:","C:\Users\werdn\Documents\Investing\Single Stock Investments\8697.T\02_Quarterly\Earnings_Releases","h21_2q_financial_results_tse.pdf","71","2026-05-21"
"C:","C:\Users\werdn\Documents\Investing\Single Stock Investments\8697.T\02_Quarterly\Earnings_Releases","h21_3q_financial_results_tse.pdf","75","2026-05-21"
"C:","C:\Users\werdn\Documents\Investing\Single Stock Investments\8697.T\02_Quarterly\Earnings_Releases","h21_fy_financial_results_tse.pdf","129.1","2026-05-21"
"C:","C:\Users\werdn\Documents\Investing\Single Stock Investments\8697.T\02_Quarterly\Earnings_Releases","h22_1q_financial_results_tse.pdf","289.2","2026-05-21"
"C:","C:\Users\werdn\Documents\Investing\Single Stock Investments\8697.T\02_Quarterly\Earnings_Releases","h22_2q_financial_results_tse.pdf","280.5","2026-05-21"
"C:","C:\Users\werdn\Documents\Investing\Single Stock Investments\8697.T\02_Quarterly\Earnings_Releases","h22_3q_financial_results_tse.pdf","210.9","2026-05-21"
"C:","C:\Users\werdn\Documents\Investing\Single Stock Investments\8697.T\02_Quarterly\Earnings_Releases","h22_fy_financial_results_tse.pdf","222.1","2026-05-21"
"C:","C:\Users\werdn\Documents\Investing\Single Stock Investments\8697.T\02_Quarterly\Earnings_Releases","h23_1q_financial_results_tse.pdf","201.7","2026-05-21"
"C:","C:\Users\werdn\Documents\Investing\Single Stock Investments\8697.T\02_Quarterly\Earnings_Releases","h23_2q_financial_results_tse.pdf","39.4","2026-05-21"
"C:","C:\Users\werdn\Documents\Investing\Single Stock Investments\8697.T\02_Quarterly\Earnings_Releases","h23_3q_financial_results_tse.pdf","39.7","2026-05-21"
"C:","C:\Users\werdn\Documents\Investing\Single Stock Investments\8697.T\02_Quarterly\Earnings_Releases","h23_fy_financial_results_tse.pdf","284.8","2026-05-21"
"C:","C:\Users\werdn\Documents\Investing\Single Stock Investments\8697.T\02_Quarterly\Earnings_Releases","h24_1q_financial_results_tse.pdf","252.7","2026-05-21"
"C:","C:\Users\werdn\Documents\Investing\Single Stock Investments\8697.T\02_Quarterly\Earnings_Releases","h24_2q_financial_results_tse.pdf","328","2026-05-21"
"C:","C:\Users\werdn\Documents\Investing\Single Stock Investments\8697.T\02_Quarterly\Earnings_Releases","h24_3q_financial_results_tse.pdf","265.4","2026-05-21"
"C:","C:\Users\werdn\Documents\Investing\Single Stock Investments\8697.T\02_Quarterly\Earnings_Releases","h24_fy_financial_results_tse.pdf","869.1","2026-05-21"
"C:","C:\Users\werdn\Documents\Investing\Single Stock Investments\8697.T\02_Quarterly\Earnings_Releases","h25_1q_financial_results_tse.pdf","484.5","2026-05-21"
"C:","C:\Users\werdn\Documents\Investing\Single Stock Investments\8697.T\02_Quarterly\Earnings_Releases","h25_2q_financial_results_tse.pdf","343.8","2026-05-21"
"C:","C:\Users\werdn\Documents\Investing\Single Stock Investments\8697.T\02_Quarterly\Explanatory_Materials","EM_JPX_1QFY13_e.pdf","1604.8","2026-05-21"
"C:","C:\Users\werdn\Documents\Investing\Single Stock Investments\8697.T\02_Quarterly\Explanatory_Materials","EM_JPX_1QFY14_e.pdf","2119.1","2026-05-21"
"C:","C:\Users\werdn\Documents\Investing\Single Stock Investments\8697.T\02_Quarterly\Explanatory_Materials","EM_JPX_1QFY15_e.pdf","1282.4","2026-05-21"
"C:","C:\Users\werdn\Documents\Investing\Single Stock Investments\8697.T\02_Quarterly\Explanatory_Materials","EM_JPX_1QFY16_e.pdf","1213","2026-05-21"
"C:","C:\Users\werdn\Documents\Investing\Single Stock Investments\8697.T\02_Quarterly\Explanatory_Materials","EM_JPX_1QFY17_e.pdf","1464.9","2026-05-21"
"C:","C:\Users\werdn\Documents\Investing\Single Stock Investments\8697.T\02_Quarterly\Explanatory_Materials","EM_JPX_1QFY18_e.pdf","1511.7","2026-05-21"
"C:","C:\Users\werdn\Documents\Investing\Single Stock Investments\8697.T\02_Quarterly\Explanatory_Materials","EM_JPX_2QFY13_e.pdf","1866.4","2026-05-21"
"C:","C:\Users\werdn\Documents\Investing\Single Stock Investments\8697.T\02_Quarterly\Explanatory_Materials","EM_JPX_2QFY14_e.pdf","2440.2","2026-05-21"
"C:","C:\Users\werdn\Documents\Investing\Single Stock Investments\8697.T\02_Quarterly\Explanatory_Materials","EM_JPX_2QFY15_e.pdf","904.5","2026-05-21"
"C:","C:\Users\werdn\Documents\Investing\Single Stock Investments\8697.T\02_Quarterly\Explanatory_Materials","EM_JPX_2QFY16_e.pdf","918.9","2026-05-21"
"C:","C:\Users\werdn\Documents\Investing\Single Stock Investments\8697.T\02_Quarterly\Explanatory_Materials","EM_JPX_2QFY17_e.pdf","1207.4","2026-05-21"
"C:","C:\Users\werdn\Documents\Investing\Single Stock Investments\8697.T\02_Quarterly\Explanatory_Materials","EM_JPX_2QFY18_e.pdf","1700.8","2026-05-21"
"C:","C:\Users\werdn\Documents\Investing\Single Stock Investments\8697.T\02_Quarterly\Explanatory_Materials","EM_JPX_3QFY12_e.pdf","1447.6","2026-05-21"
"C:","C:\Users\werdn\Documents\Investing\Single Stock Investments\8697.T\02_Quarterly\Explanatory_Materials","EM_JPX_3QFY13_e.pdf","1382.7","2026-05-21"
"C:","C:\Users\werdn\Documents\Investing\Single Stock Investments\8697.T\02_Quarterly\Explanatory_Materials","EM_JPX_3QFY14_e.pdf","1260.3","2026-05-21"
"C:","C:\Users\werdn\Documents\Investing\Single Stock Investments\8697.T\02_Quarterly\Explanatory_Materials","EM_JPX_3QFY15_e.pdf","1015.7","2026-05-21"
"C:","C:\Users\werdn\Documents\Investing\Single Stock Investments\8697.T\02_Quarterly\Explanatory_Materials","EM_JPX_3QFY16_e.pdf","1104.9","2026-05-21"
"C:","C:\Users\werdn\Documents\Investing\Single Stock Investments\8697.T\02_Quarterly\Explanatory_Materials","EM_JPX_3QFY17_e.pdf","1109.1","2026-05-21"
"C:","C:\Users\werdn\Documents\Investing\Single Stock Investments\8697.T\02_Quarterly\Explanatory_Materials","EM_JPX_4QFY12_e.pdf","917.9","2026-05-21"
"C:","C:\Users\werdn\Documents\Investing\Single Stock Investments\8697.T\02_Quarterly\Explanatory_Materials","EM_JPX_4QFY13_e.pdf","1695.4","2026-05-21"
"C:","C:\Users\werdn\Documents\Investing\Single Stock Investments\8697.T\02_Quarterly\Explanatory_Materials","EM_JPX_4QFY14_e.pdf","1144.2","2026-05-21"
"C:","C:\Users\werdn\Documents\Investing\Single Stock Investments\8697.T\02_Quarterly\Explanatory_Materials","EM_JPX_4QFY15_e.pdf","902","2026-05-21"
"C:","C:\Users\werdn\Documents\Investing\Single Stock Investments\8697.T\02_Quarterly\Explanatory_Materials","EM_JPX_4QFY16_e.pdf","1318.8","2026-05-21"
"C:","C:\Users\werdn\Documents\Investing\Single Stock Investments\8697.T\02_Quarterly\Explanatory_Materials","EM_JPX_4QFY17_e.pdf","1600","2026-05-21"
"C:","C:\Users\werdn\Documents\Investing\Single Stock Investments\8697.T\02_Quarterly\Explanatory_Materials","E_EM_JPX_Q1FY2019.pdf","1619.4","2026-05-21"
"C:","C:\Users\werdn\Documents\Investing\Single Stock Investments\8697.T\02_Quarterly\Explanatory_Materials","E_EM_JPX_Q1FY2020.pdf","1535.3","2026-05-21"
"C:","C:\Users\werdn\Documents\Investing\Single Stock Investments\8697.T\02_Quarterly\Explanatory_Materials","E_EM_JPX_Q1FY2021.pdf","1487.7","2026-05-21"
"C:","C:\Users\werdn\Documents\Investing\Single Stock Investments\8697.T\02_Quarterly\Explanatory_Materials","E_EM_JPX_Q1FY2022.pdf","1053.6","2026-05-21"
"C:","C:\Users\werdn\Documents\Investing\Single Stock Investments\8697.T\02_Quarterly\Explanatory_Materials","E_EM_JPX_Q1FY2023.pdf","1278.5","2026-05-21"
"C:","C:\Users\werdn\Documents\Investing\Single Stock Investments\8697.T\02_Quarterly\Explanatory_Materials","E_EM_JPX_Q1FY2024.pdf","668.3","2026-05-21"
"C:","C:\Users\werdn\Documents\Investing\Single Stock Investments\8697.T\02_Quarterly\Explanatory_Materials","E_EM_JPX_Q1FY2025.pdf","372.9","2026-05-21"
"C:","C:\Users\werdn\Documents\Investing\Single Stock Investments\8697.T\02_Quarterly\Explanatory_Materials","E_EM_JPX_Q2FY2023.pdf","1163.8","2026-05-21"
"C:","C:\Users\werdn\Documents\Investing\Single Stock Investments\8697.T\02_Quarterly\Explanatory_Materials","E_EM_JPX_Q2FY2024.pdf","1131.1","2026-05-21"
"C:","C:\Users\werdn\Documents\Investing\Single Stock Investments\8697.T\02_Quarterly\Explanatory_Materials","E_EM_JPX_Q2FY2025.pdf","168.2","2026-05-21"
"C:","C:\Users\werdn\Documents\Investing\Single Stock Investments\8697.T\02_Quarterly\Explanatory_Materials","E_EM_JPX_Q3FY2023.pdf","1174.6","2026-05-21"
"C:","C:\Users\werdn\Documents\Investing\Single Stock Investments\8697.T\02_Quarterly\Explanatory_Materials","E_EM_JPX_Q3FY2024.pdf","703.2","2026-05-21"
"C:","C:\Users\werdn\Documents\Investing\Single Stock Investments\8697.T\02_Quarterly\Explanatory_Materials","E_EM_JPX_Q3FY2025.pdf","416.3","2026-05-21"
"C:","C:\Users\werdn\Documents\Investing\Single Stock Investments\8697.T\02_Quarterly\Explanatory_Materials","E_EM_JPX_Q4FY2018.pdf","1618.3","2026-05-21"
"C:","C:\Users\werdn\Documents\Investing\Single Stock Investments\8697.T\02_Quarterly\Explanatory_Materials","E_EM_JPX_Q4FY2018_C.pdf","1618.3","2026-05-21"
"C:","C:\Users\werdn\Documents\Investing\Single Stock Investments\8697.T\02_Quarterly\Explanatory_Materials","E_EM_JPX_Q4FY2019.pdf","1519.7","2026-05-21"
"C:","C:\Users\werdn\Documents\Investing\Single Stock Investments\8697.T\02_Quarterly\Explanatory_Materials","E_EM_JPX_Q4FY2020.pdf","1534.9","2026-05-21"
"C:","C:\Users\werdn\Documents\Investing\Single Stock Investments\8697.T\02_Quarterly\Explanatory_Materials","E_EM_JPX_Q4FY2023.pdf","830.7","2026-05-21"
"C:","C:\Users\werdn\Documents\Investing\Single Stock Investments\8697.T\02_Quarterly\Explanatory_Materials","E_EM_JPX_Q4FY2024.pdf","900.2","2026-05-21"
"C:","C:\Users\werdn\Documents\Investing\Single Stock Investments\8697.T\02_Quarterly\Explanatory_Materials","E_EM_JPX_Q4FY2025.pdf","295.7","2026-05-21"
"C:","C:\Users\werdn\Documents\Investing\Single Stock Investments\8697.T\02_Quarterly\Explanatory_Materials","E_EM_Q2FY2019.pdf","1686.1","2026-05-21"
"C:","C:\Users\werdn\Documents\Investing\Single Stock Investments\8697.T\02_Quarterly\Explanatory_Materials","E_EM_Q2FY2020.pdf","1069.4","2026-05-21"
"C:","C:\Users\werdn\Documents\Investing\Single Stock Investments\8697.T\02_Quarterly\Explanatory_Materials","E_EM_Q2FY2021.pdf","1614.1","2026-05-21"
"C:","C:\Users\werdn\Documents\Investing\Single Stock Investments\8697.T\02_Quarterly\Explanatory_Materials","E_EM_Q2FY2022.pdf","1439.1","2026-05-21"
"C:","C:\Users\werdn\Documents\Investing\Single Stock Investments\8697.T\02_Quarterly\Explanatory_Materials","E_EM_Q3FY2019.pdf","1640.8","2026-05-21"
"C:","C:\Users\werdn\Documents\Investing\Single Stock Investments\8697.T\02_Quarterly\Explanatory_Materials","E_EM_Q3FY2020.pdf","1006.3","2026-05-21"
"C:","C:\Users\werdn\Documents\Investing\Single Stock Investments\8697.T\02_Quarterly\Explanatory_Materials","E_EM_Q3FY2021.pdf","299.7","2026-05-21"
"C:","C:\Users\werdn\Documents\Investing\Single Stock Investments\8697.T\02_Quarterly\Explanatory_Materials","E_EM_Q3FY2022.pdf","1330.7","2026-05-21"
"C:","C:\Users\werdn\Documents\Investing\Single Stock Investments\8697.T\02_Quarterly\Explanatory_Materials","E_EM_Q4FY2021.pdf","1707.6","2026-05-21"
"C:","C:\Users\werdn\Documents\Investing\Single Stock Investments\8697.T\02_Quarterly\Explanatory_Materials","E_EM_Q4FY2022.pdf","1651.4","2026-05-21"
"C:","C:\Users\werdn\Documents\Investing\Single Stock Investments\8697.T\02_Quarterly\Explanatory_Materials","Q3FY2018_English.pdf","1602.5","2026-05-21"
"C:","C:\Users\werdn\Documents\Investing\Single Stock Investments\8697.T\02_Quarterly\Other","JPX_ER_Q3FY18_e.pdf","180.9","2026-05-21"
"C:","C:\Users\werdn\Documents\Investing\Single Stock Investments\8697.T\03_Events\Earnings_Presentations","E_EM_JPX_Q4FY2018_C.pdf","1618.3","2026-05-21"
"C:","C:\Users\werdn\Documents\Investing\Single Stock Investments\8697.T\03_Events\Earnings_Presentations","E_EM_Q2FY2020.pdf","1069.4","2026-05-21"
"C:","C:\Users\werdn\Documents\Investing\Single Stock Investments\8697.T\03_Events\Earnings_Presentations","E_EM_Q2FY2021.pdf","1614.1","2026-05-21"
"C:","C:\Users\werdn\Documents\Investing\Single Stock Investments\8697.T\03_Events\Earnings_Presentations","E_EM_Q2FY2022.pdf","1439.1","2026-05-21"
"C:","C:\Users\werdn\Documents\Investing\Single Stock Investments\8697.T\03_Events\Earnings_Presentations","E_EM_Q4FY2021.pdf","1707.6","2026-05-21"
"C:","C:\Users\werdn\Documents\Investing\Single Stock Investments\8697.T\03_Events\Earnings_Presentations","E_EM_Q4FY2022.pdf","1102.7","2026-05-21"
"C:","C:\Users\werdn\Documents\Investing\Single Stock Investments\8697.T\03_Events\Earnings_Presentations","E_PM_JPX_Q4FY2020.pdf","750.2","2026-05-21"
"C:","C:\Users\werdn\Documents\Investing\Single Stock Investments\8697.T\03_Events\Earnings_Presentations","E_PM_Q2FY2019.pdf","1686.1","2026-05-21"
"C:","C:\Users\werdn\Documents\Investing\Single Stock Investments\8697.T\03_Events\Earnings_Presentations","E_PM_Q4FY2019.pdf","1519.7","2026-05-21"
"C:","C:\Users\werdn\Documents\Investing\Single Stock Investments\8697.T\03_Events\Earnings_Presentations","JPX_PM_20170501en.pdf","1740.6","2026-05-21"
"C:","C:\Users\werdn\Documents\Investing\Single Stock Investments\8697.T\03_Events\Earnings_Presentations","JPX_PM_FY2016Q2_e.pdf","931.3","2026-05-21"
"C:","C:\Users\werdn\Documents\Investing\Single Stock Investments\8697.T\03_Events\Earnings_Presentations","JPX_PM_FY2017_English.pdf","1755","2026-05-21"
"C:","C:\Users\werdn\Documents\Investing\Single Stock Investments\8697.T\03_Events\Earnings_Presentations","PM_JPX_2Q_FY18_e.pdf","1700.8","2026-05-21"
"C:","C:\Users\werdn\Documents\Investing\Single Stock Investments\8697.T\03_Events\Earnings_Presentations","PM_JPX_2Q_FY2017_e.pdf","1398","2026-05-21"
"C:","C:\Users\werdn\Documents\Investing\Single Stock Investments\8697.T\03_Events\Investor_Day","InvestorDay2023_cash_E.pdf","865.8","2026-05-21"
"C:","C:\Users\werdn\Documents\Investing\Single Stock Investments\8697.T\03_Events\Investor_Day","InvestorDay2023_derivative_E.pdf","621.5","2026-05-21"
"C:","C:\Users\werdn\Documents\Investing\Single Stock Investments\8697.T\03_Events\Investor_Day","InvestorDay2023_JPXI_E.pdf","824.1","2026-05-21"
"C:","C:\Users\werdn\Documents\Investing\Single Stock Investments\8697.T\03_Events\Investor_Day","InvestorDay2023_transcript_E.pdf","3179.4","2026-05-21"
"C:","C:\Users\werdn\Documents\Investing\Single Stock Investments\8697.T\03_Events\Investor_Day","InvestorDay2024_JPXI_E.pdf","364.4","2026-05-21"
"C:","C:\Users\werdn\Documents\Investing\Single Stock Investments\8697.T\03_Events\Investor_Day","InvestorDay2024_JSCC_E.pdf","472","2026-05-21"
"C:","C:\Users\werdn\Documents\Investing\Single Stock Investments\8697.T\03_Events\Investor_Day","InvestorDay2024_OSE_E.pdf","814.2","2026-05-21"
"C:","C:\Users\werdn\Documents\Investing\Single Stock Investments\8697.T\03_Events\Investor_Day","InvestorDay2024_TSE_E.pdf","948.2","2026-05-21"
"C:","C:\Users\werdn\Documents\Investing\Single Stock Investments\8697.T\03_Events\Investor_Day","InvestorDay2025_JPXI_E.pdf","784.8","2026-05-21"
"C:","C:\Users\werdn\Documents\Investing\Single Stock Investments\8697.T\03_Events\Investor_Day","InvestorDay2025_JSCC_E.pdf","1204.4","2026-05-21"
"C:","C:\Users\werdn\Documents\Investing\Single Stock Investments\8697.T\03_Events\Investor_Day","InvestorDay2025_OSE_E.pdf","870.6","2026-05-21"
"C:","C:\Users\werdn\Documents\Investing\Single Stock Investments\8697.T\03_Events\Investor_Day","InvestorDay2025_TSE_E.pdf","1001.4","2026-05-21"
"C:","C:\Users\werdn\Documents\Investing\Single Stock Investments\8697.T\03_Events\Investor_Day","IR_Day_2019_QA_E.pdf","111.9","2026-05-21"
"C:","C:\Users\werdn\Documents\Investing\Single Stock Investments\8697.T\03_Events\Investor_Day","IR_Day_2021_QA_E.pdf","86","2026-05-21"
"C:","C:\Users\werdn\Documents\Investing\Single Stock Investments\8697.T\03_Events\Investor_Day","IR_Day_2022_QA_E.pdf","97.3","2026-05-21"
"C:","C:\Users\werdn\Documents\Investing\Single Stock Investments\8697.T\03_Events\Investor_Day","IR_Day_JSCC_E.pdf","584.5","2026-05-21"
"C:","C:\Users\werdn\Documents\Investing\Single Stock Investments\8697.T\03_Events\Investor_Day","IR_Day_OSE_E.pdf","505.6","2026-05-21"
"C:","C:\Users\werdn\Documents\Investing\Single Stock Investments\8697.T\03_Events\Investor_Day","IR_Day_TSE_E.pdf","1141","2026-05-21"
"C:","C:\Users\werdn\Documents\Investing\Single Stock Investments\8697.T\03_Events\Investor_Day","JPX_IR_Day_2018_JSCC_E.pdf","733.4","2026-05-21"
"C:","C:\Users\werdn\Documents\Investing\Single Stock Investments\8697.T\03_Events\Investor_Day","JPX_IR_Day_2018_OSE_E.pdf","688.7","2026-05-21"
"C:","C:\Users\werdn\Documents\Investing\Single Stock Investments\8697.T\03_Events\Investor_Day","JPX_IR_Day_2018_TSE_E.pdf","800.8","2026-05-21"
"C:","C:\Users\werdn\Documents\Investing\Single Stock Investments\8697.T\03_Events\Investor_Day","JPX_IR_Day_2019_JSCC_E.pdf","636.9","2026-05-21"
"C:","C:\Users\werdn\Documents\Investing\Single Stock Investments\8697.T\03_Events\Investor_Day","JPX_IR_Day_2019_OSE_E.pdf","812.9","2026-05-21"
"C:","C:\Users\werdn\Documents\Investing\Single Stock Investments\8697.T\03_Events\Investor_Day","JPX_IR_Day_2019_TSE_E.pdf","947.4","2026-05-21"
"C:","C:\Users\werdn\Documents\Investing\Single Stock Investments\8697.T\03_Events\Investor_Day","JPX_IR_Day_2021_OSE_E.pdf","646.9","2026-05-21"
"C:","C:\Users\werdn\Documents\Investing\Single Stock Investments\8697.T\03_Events\Investor_Day","JPX_IR_Day_2021_TSE_E.pdf","881.6","2026-05-21"
"C:","C:\Users\werdn\Documents\Investing\Single Stock Investments\8697.T\03_Events\Investor_Day","JPX_IR_Day_2022_JPXI_E.pdf","907.6","2026-05-21"
"C:","C:\Users\werdn\Documents\Investing\Single Stock Investments\8697.T\03_Events\Investor_Day","JPX_IR_Day_2022_OSE_E.pdf","848.7","2026-05-21"
"C:","C:\Users\werdn\Documents\Investing\Single Stock Investments\8697.T\03_Events\Investor_Day","JPX_IR_Day_2022_TSE_E.pdf","938","2026-05-21"
"C:","C:\Users\werdn\Documents\Investing\Single Stock Investments\8697.T\03_Events\Investor_Day","JPX_IR_Day_QA_E.pdf","112","2026-05-21"
"C:","C:\Users\werdn\Documents\Investing\Single Stock Investments\8697.T\03_Events\Investor_Day","JPX_IR_DAY_QA_EN.pdf","47.5","2026-05-21"
"C:","C:\Users\werdn\Documents\Investing\Single Stock Investments\8697.T\03_Events\Other","20161101QA.pdf","100.8","2026-05-21"
"C:","C:\Users\werdn\Documents\Investing\Single Stock Investments\8697.T\03_Events\Other","20220331_E.pdf","2256.4","2026-05-21"
"C:","C:\Users\werdn\Documents\Investing\Single Stock Investments\8697.T\03_Events\Other","20250327_e.pdf","2499.1","2026-05-21"
"C:","C:\Users\werdn\Documents\Investing\Single Stock Investments\8697.T\03_Events\Other","20250428_E.pdf","375","2026-05-21"
"C:","C:\Users\werdn\Documents\Investing\Single Stock Investments\8697.T\03_Events\Other","20251031_E.pdf","444.5","2026-05-21"
"C:","C:\Users\werdn\Documents\Investing\Single Stock Investments\8697.T\03_Events\Other","20260430_E.pdf","3335.7","2026-05-21"
"C:","C:\Users\werdn\Documents\Investing\Single Stock Investments\8697.T\03_Events\Other","E_20231027_2Q.pdf","710","2026-05-21"
"C:","C:\Users\werdn\Documents\Investing\Single Stock Investments\8697.T\03_Events\Other","E_20240501.pdf","779.7","2026-05-21"
"C:","C:\Users\werdn\Documents\Investing\Single Stock Investments\8697.T\03_Events\Other","E_20241030_2Q.pdf","1028.9","2026-05-21"
"C:","C:\Users\werdn\Documents\Investing\Single Stock Investments\8697.T\03_Events\Other","FAQ_E.pdf","78.4","2026-05-21"
"C:","C:\Users\werdn\Documents\Investing\Single Stock Investments\8697.T\03_Events\Other","FY2019_DS_E.pdf","57.4","2026-05-21"
"C:","C:\Users\werdn\Documents\Investing\Single Stock Investments\8697.T\03_Events\Other","Investor_Day_2024_E.pdf","3480","2026-05-21"
"C:","C:\Users\werdn\Documents\Investing\Single Stock Investments\8697.T\03_Events\Other","Investor_Day_2025_E.pdf","5263.8","2026-05-21"
"C:","C:\Users\werdn\Documents\Investing\Single Stock Investments\8697.T\03_Events\Other","SA_20250428_e.pdf","1398.2","2026-05-21"
"C:","C:\Users\werdn\Documents\Investing\Single Stock Investments\8697.T\03_Events\Other","SA_20251031_E.pdf","1206.2","2026-05-21"
"C:","C:\Users\werdn\Documents\Investing\Single Stock Investments\8697.T\03_Events\Other","SA_20260430_E.pdf","2659.9","2026-05-21"
"C:","C:\Users\werdn\Documents\Investing\Single Stock Investments\8697.T\03_Events\Other","S_E_20240501.pdf","1895.6","2026-05-21"
"C:","C:\Users\werdn\Documents\Investing\Single Stock Investments\8697.T\03_Events\Other","S_E_20241030.pdf","1056.1","2026-05-21"
"C:","C:\Users\werdn\Documents\Investing\Single Stock Investments\8697.T\03_Events\Other","TOCOM_E.pdf","554.9","2026-05-21"
"C:","C:\Users\werdn\Documents\Investing\Single Stock Investments\8697.T\03_Events\Q_and_A","20180507_QAs_EN.pdf","91.5","2026-05-21"
"C:","C:\Users\werdn\Documents\Investing\Single Stock Investments\8697.T\03_Events\Q_and_A","FAQ_QA_E_Q2FY2019.pdf","88.7","2026-05-21"
"C:","C:\Users\werdn\Documents\Investing\Single Stock Investments\8697.T\03_Events\Q_and_A","FAQ_QA_E_Q2FY2020.pdf","50.3","2026-05-21"
"C:","C:\Users\werdn\Documents\Investing\Single Stock Investments\8697.T\03_Events\Q_and_A","FAQ_QA_E_Q4FY2020.pdf","73","2026-05-21"
"C:","C:\Users\werdn\Documents\Investing\Single Stock Investments\8697.T\03_Events\Q_and_A","FY2016Q4QA_EN.pdf","152.8","2026-05-21"
"C:","C:\Users\werdn\Documents\Investing\Single Stock Investments\8697.T\03_Events\Q_and_A","FY2017Q2QA_e.pdf","138.4","2026-05-21"
"C:","C:\Users\werdn\Documents\Investing\Single Stock Investments\8697.T\03_Events\Q_and_A","QA_E_20190329.pdf","72.2","2026-05-21"
"C:","C:\Users\werdn\Documents\Investing\Single Stock Investments\8697.T\03_Events\Q_and_A","QA_E_20211028.pdf","110.1","2026-05-21"
"C:","C:\Users\werdn\Documents\Investing\Single Stock Investments\8697.T\03_Events\Q_and_A","QA_E_20220401.pdf","104.2","2026-05-21"
"C:","C:\Users\werdn\Documents\Investing\Single Stock Investments\8697.T\03_Events\Q_and_A","QA_E_20220427.pdf","114.6","2026-05-21"
"C:","C:\Users\werdn\Documents\Investing\Single Stock Investments\8697.T\03_Events\Q_and_A","QA_E_20221028.pdf","87.6","2026-05-21"
"C:","C:\Users\werdn\Documents\Investing\Single Stock Investments\8697.T\03_Events\Q_and_A","QA_E_JPX_Q4FY2018.pdf","60.9","2026-05-21"
"C:","C:\Users\werdn\Documents\Investing\Single Stock Investments\8697.T\03_Events\Q_and_A","QA_JPX_2Q_FY18_e.pdf","89","2026-05-21"
"C:","C:\Users\werdn\Documents\Investing\Single Stock Investments\8697.T\03_Events\Transcripts","transcript_Q2_FY2023_en.pdf","2122.3","2026-05-21"
"C:","C:\Users\werdn\Documents\Investing\Single Stock Investments\8697.T\03_Events\Transcripts","transcript_Q4_FY2022_en.pdf","1827.1","2026-05-21"
"C:","C:\Users\werdn\Documents\Investing\Single Stock Investments\8697.T\04_Strategy\Mid_Term_Plans","2nd_Medium_Term_management_Plan_E_20160322.pdf","1728.4","2026-05-21"
"C:","C:\Users\werdn\Documents\Investing\Single Stock Investments\8697.T\04_Strategy\Mid_Term_Plans","3rd_mtmp_e_20190328.pdf","3341.8","2026-05-21"
"C:","C:\Users\werdn\Documents\Investing\Single Stock Investments\8697.T\04_Strategy\Mid_Term_Plans","3rd_mtmp_itmp_e.pdf","4887.3","2026-05-21"
"C:","C:\Users\werdn\Documents\Investing\Single Stock Investments\8697.T\04_Strategy\Mid_Term_Plans","b5b4pj000000jdso.pdf","1267.4","2026-05-21"
"C:","C:\Users\werdn\Documents\Investing\Single Stock Investments\8697.T\04_Strategy\Mid_Term_Plans","b5b4pj000003dfwr.pdf","757.7","2026-05-21"
"C:","C:\Users\werdn\Documents\Investing\Single Stock Investments\8697.T\04_Strategy\Mid_Term_Plans","b5b4pj0000043z8v.pdf","2771.8","2026-05-21"
"C:","C:\Users\werdn\Documents\Investing\Single Stock Investments\8697.T\04_Strategy\Mid_Term_Plans","b5b4pj0000043z90.pdf","719.5","2026-05-21"
"C:","C:\Users\werdn\Documents\Investing\Single Stock Investments\8697.T\04_Strategy\Mid_Term_Plans","e_itplan201303.pdf","1045.4","2026-05-21"
"C:","C:\Users\werdn\Documents\Investing\Single Stock Investments\8697.T\04_Strategy\Mid_Term_Plans","e_mplan201303.pdf","756.9","2026-05-21"
"C:","C:\Users\werdn\Documents\Investing\Single Stock Investments\8697.T\04_Strategy\Mid_Term_Plans","itmp_e_20190328.pdf","1550","2026-05-21"
"C:","C:\Users\werdn\Documents\Investing\Single Stock Investments\8697.T\04_Strategy\Mid_Term_Plans","itmp_e_20220331.pdf","844.3","2026-05-21"
"C:","C:\Users\werdn\Documents\Investing\Single Stock Investments\8697.T\04_Strategy\Mid_Term_Plans","itmp_e_20230330.pdf","1283.7","2026-05-21"
"C:","C:\Users\werdn\Documents\Investing\Single Stock Investments\8697.T\04_Strategy\Mid_Term_Plans","itmp_e_20240430.pdf","872.9","2026-05-21"
"C:","C:\Users\werdn\Documents\Investing\Single Stock Investments\8697.T\04_Strategy\Mid_Term_Plans","itmp_e_20260428.pdf","1292.4","2026-05-21"
"C:","C:\Users\werdn\Documents\Investing\Single Stock Investments\8697.T\04_Strategy\Mid_Term_Plans","IT_Master_Plan_E_20160322.pdf","802.5","2026-05-21"
"C:","C:\Users\werdn\Documents\Investing\Single Stock Investments\8697.T\04_Strategy\Mid_Term_Plans","IT_Master_Plan_E_20170331.pdf","669.1","2026-05-21"
"C:","C:\Users\werdn\Documents\Investing\Single Stock Investments\8697.T\04_Strategy\Mid_Term_Plans","IT_Master_Plan_E_20180427.pdf","462.2","2026-05-21"
"C:","C:\Users\werdn\Documents\Investing\Single Stock Investments\8697.T\04_Strategy\Mid_Term_Plans","mtmp_e_20220331.pdf","2256.4","2026-05-21"
"C:","C:\Users\werdn\Documents\Investing\Single Stock Investments\8697.T\04_Strategy\Mid_Term_Plans","mtmp_e_20230330.pdf","1574","2026-05-21"
"C:","C:\Users\werdn\Documents\Investing\Single Stock Investments\8697.T\04_Strategy\Mid_Term_Plans","mtmp_e_20240430.pdf","1568.8","2026-05-21"
"C:","C:\Users\werdn\Documents\Investing\Single Stock Investments\8697.T\04_Strategy\Mid_Term_Plans","mtmp_e_20260428.pdf","2636.9","2026-05-21"
"C:","C:\Users\werdn\Documents\Investing\Single Stock Investments\8697.T\04_Strategy\Mid_Term_Plans","sjcobq0000010t1e.pdf","2499.1","2026-05-21"
"C:","C:\Users\werdn\Documents\Investing\Single Stock Investments\8697.T\04_Strategy\Mid_Term_Plans","sjcobq0000010t1j.pdf","1156.1","2026-05-21"
"C:","C:\Users\werdn\Documents\Investing\Single Stock Investments\8697.T\04_Strategy\Mid_Term_Plans","tvdivq000000uf5s.pdf","1366.7","2026-05-21"
"C:","C:\Users\werdn\Documents\Investing\Single Stock Investments\8697.T\04_Strategy\Mid_Term_Plans","Update_of_2nd_Medium_Term_Management_Plan_E_20170331.pdf","807.3","2026-05-21"
"C:","C:\Users\werdn\Documents\Investing\Single Stock Investments\8697.T\04_Strategy\Mid_Term_Plans","Update_of_2nd_Medium_Term_Management_Plan_E_20180427.pdf","644.6","2026-05-21"
"C:","C:\Users\werdn\Documents\Investing\Single Stock Investments\8697.T\04_Strategy\Mid_Term_Plans","update_of_3rd_mtmp_e_20200331.pdf","2062.5","2026-05-21"
"C:","C:\Users\werdn\Documents\Investing\Single Stock Investments\8697.T\04_Strategy\Mid_Term_Plans","Update_of_Medium-Term_Management_Plan(E)(Apr.2014).pdf","1538.2","2026-05-21"
"C:","C:\Users\werdn\Documents\Investing\Single Stock Investments\8697.T\04_Strategy\Mid_Term_Plans","Update_of_Medium-Term_Management_Plan(E)(Apr.2015)..pdf","2804.7","2026-05-21"
"C:","C:\Users\werdn\Documents\Investing\Single Stock Investments\8697.T\04_Strategy\Presentations","3rd_mtmp_itmp_e.pdf","4887.3","2026-05-21"
